{
  "$schema": "https://raw.githubusercontent.com/spdx/spdx-spec/v2.2.1/schemas/spdx-schema.json",
  "spdxVersion": "SPDX-2.2",
  "dataLicense": "CC0-1.0",
  "SPDXID": "SPDXRef-DOCUMENT",
  "documentNamespace": "https://spdx.org/spdxdocs/libdisasm-x64-windows-static-md-0.23#11-fd50acb0-11b1-4ef3-96a0-f0223e7f48b5",
  "name": "libdisasm:x64-windows-static-md@0.23#11 0de4ba80613af357087e399c20851f9b4b8c24d5d310cbcc11cf2f8b964d1d9d",
  "creationInfo": {
    "creators": [
      "Tool: vcpkg-2025-06-02-145689e84b7637525510e2c9b4ee603fda046b56"
    ],
    "created": "2025-06-11T02:43:42Z"
  },
  "relationships": [
    {
      "spdxElementId": "SPDXRef-port",
      "relationshipType": "GENERATES",
      "relatedSpdxElement": "SPDXRef-binary"
    },
    {
      "spdxElementId": "SPDXRef-port",
      "relationshipType": "CONTAINS",
      "relatedSpdxElement": "SPDXRef-file-0"
    },
    {
      "spdxElementId": "SPDXRef-port",
      "relationshipType": "CONTAINS",
      "relatedSpdxElement": "SPDXRef-file-1"
    },
    {
      "spdxElementId": "SPDXRef-port",
      "relationshipType": "CONTAINS",
      "relatedSpdxElement": "SPDXRef-file-2"
    },
    {
      "spdxElementId": "SPDXRef-port",
      "relationshipType": "CONTAINS",
      "relatedSpdxElement": "SPDXRef-file-3"
    },
    {
      "spdxElementId": "SPDXRef-binary",
      "relationshipType": "GENERATED_FROM",
      "relatedSpdxElement": "SPDXRef-port"
    },
    {
      "spdxElementId": "SPDXRef-file-0",
      "relationshipType": "CONTAINED_BY",
      "relatedSpdxElement": "SPDXRef-port"
    },
    {
      "spdxElementId": "SPDXRef-file-1",
      "relationshipType": "CONTAINED_BY",
      "relatedSpdxElement": "SPDXRef-port"
    },
    {
      "spdxElementId": "SPDXRef-file-2",
      "relationshipType": "CONTAINED_BY",
      "relatedSpdxElement": "SPDXRef-port"
    },
    {
      "spdxElementId": "SPDXRef-file-3",
      "relationshipType": "CONTAINED_BY",
      "relatedSpdxElement": "SPDXRef-port"
    },
    {
      "spdxElementId": "SPDXRef-file-3",
      "relationshipType": "DEPENDENCY_MANIFEST_OF",
      "relatedSpdxElement": "SPDXRef-port"
    }
  ],
  "packages": [
    {
      "name": "libdisasm",
      "SPDXID": "SPDXRef-port",
      "versionInfo": "0.23#11",
      "downloadLocation": "git+https://github.com/Microsoft/vcpkg#ports/libdisasm",
      "homepage": "https://sourceforge.net/projects/bastard",
      "licenseConcluded": "ClArtistic",
      "licenseDeclared": "NOASSERTION",
      "copyrightText": "NOASSERTION",
      "description": "x86 Disassembler Library.",
      "comment": "This is the port (recipe) consumed by vcpkg."
    },
    {
      "name": "libdisasm:x64-windows-static-md",
      "SPDXID": "SPDXRef-binary",
      "versionInfo": "0de4ba80613af357087e399c20851f9b4b8c24d5d310cbcc11cf2f8b964d1d9d",
      "downloadLocation": "NONE",
      "licenseConcluded": "ClArtistic",
      "licenseDeclared": "NOASSERTION",
      "copyrightText": "NOASSERTION",
      "comment": "This is a binary package built by vcpkg."
    },
    {
      "SPDXID": "SPDXRef-resource-0",
      "name": "libdisasm-0.23.tar.gz",
      "packageFileName": "libdisasm-0.23.tar.gz",
      "downloadLocation": "https://sourceforge.net/projects/bastard/libdisasm/files/0.23/libdisasm-0.23.tar.gz",
      "licenseConcluded": "NOASSERTION",
      "licenseDeclared": "NOASSERTION",
      "copyrightText": "NOASSERTION",
      "checksums": [
        {
          "algorithm": "SHA512",
          "checksumValue": "29eecfbfd8168188242278a1a38f0c90770d0581a52d4600ae6343829dd0d6607b98329f12a3d7409d43dd56dca6a7d1eb25d58a001c2bfd3eb8474c0e7879e7"
        }
      ]
    }
  ],
  "files": [
    {
      "fileName": "./CMakeLists.txt",
      "SPDXID": "SPDXRef-file-0",
      "checksums": [
        {
          "algorithm": "SHA256",
          "checksumValue": "62a911b58e8edfcda414e73b94a5f7d4507eb90c25a19bf1f749a9f88fcf3655"
        }
      ],
      "licenseConcluded": "NOASSERTION",
      "copyrightText": "NOASSERTION"
    },
    {
      "fileName": "./portfile.cmake",
      "SPDXID": "SPDXRef-file-1",
      "checksums": [
        {
          "algorithm": "SHA256",
          "checksumValue": "4a8ad6a9ad6f9af7d984ca472ed19acaf37a89e7ffd4ca61acfe6245237014d8"
        }
      ],
      "licenseConcluded": "NOASSERTION",
      "copyrightText": "NOASSERTION"
    },
    {
      "fileName": "./sizeofvoid.patch",
      "SPDXID": "SPDXRef-file-2",
      "checksums": [
        {
          "algorithm": "SHA256",
          "checksumValue": "cc13b903328003b941b215938b9533fcbdd9159a5c0cf5537150931fea53a4ba"
        }
      ],
      "licenseConcluded": "NOASSERTION",
      "copyrightText": "NOASSERTION"
    },
    {
      "fileName": "./vcpkg.json",
      "SPDXID": "SPDXRef-file-3",
      "checksums": [
        {
          "algorithm": "SHA256",
          "checksumValue": "9f6c10d5bad931df9cbcc7ea44c367f6e6780a874cb607756f301f6dfaf590f8"
        }
      ],
      "licenseConcluded": "NOASSERTION",
      "copyrightText": "NOASSERTION"
    }
  ]
}
