{
  "$schema": "https://raw.githubusercontent.com/spdx/spdx-spec/v2.2.1/schemas/spdx-schema.json",
  "spdxVersion": "SPDX-2.2",
  "dataLicense": "CC0-1.0",
  "SPDXID": "SPDXRef-DOCUMENT",
  "documentNamespace": "https://spdx.org/spdxdocs/atl-x64-windows-static-md-0-4e1ff62c-eac3-476c-83fb-fc4da1dbf858",
  "name": "atl:x64-windows-static-md@0 ca20af451359504f86c6da12541047a9768bb6eb9277f15b60e3e3a54c3c812e",
  "creationInfo": {
    "creators": [
      "Tool: vcpkg-2025-06-02-145689e84b7637525510e2c9b4ee603fda046b56"
    ],
    "created": "2025-06-11T02:43:26Z"
  },
  "relationships": [
    {
      "spdxElementId": "SPDXRef-port",
      "relationshipType": "GENERATES",
      "relatedSpdxElement": "SPDXRef-binary"
    },
    {
      "spdxElementId": "SPDXRef-port",
      "relationshipType": "CONTAINS",
      "relatedSpdxElement": "SPDXRef-file-0"
    },
    {
      "spdxElementId": "SPDXRef-port",
      "relationshipType": "CONTAINS",
      "relatedSpdxElement": "SPDXRef-file-1"
    },
    {
      "spdxElementId": "SPDXRef-binary",
      "relationshipType": "GENERATED_FROM",
      "relatedSpdxElement": "SPDXRef-port"
    },
    {
      "spdxElementId": "SPDXRef-file-0",
      "relationshipType": "CONTAINED_BY",
      "relatedSpdxElement": "SPDXRef-port"
    },
    {
      "spdxElementId": "SPDXRef-file-1",
      "relationshipType": "CONTAINED_BY",
      "relatedSpdxElement": "SPDXRef-port"
    },
    {
      "spdxElementId": "SPDXRef-file-1",
      "relationshipType": "DEPENDENCY_MANIFEST_OF",
      "relatedSpdxElement": "SPDXRef-port"
    }
  ],
  "packages": [
    {
      "name": "atl",
      "SPDXID": "SPDXRef-port",
      "versionInfo": "0",
      "downloadLocation": "git+https://github.com/Microsoft/vcpkg#ports/atl",
      "licenseConcluded": "NOASSERTION",
      "licenseDeclared": "NOASSERTION",
      "copyrightText": "NOASSERTION",
      "description": "A stub package that ensures Visual Studio has Active Template Library (ATL) installed.",
      "comment": "This is the port (recipe) consumed by vcpkg."
    },
    {
      "name": "atl:x64-windows-static-md",
      "SPDXID": "SPDXRef-binary",
      "versionInfo": "ca20af451359504f86c6da12541047a9768bb6eb9277f15b60e3e3a54c3c812e",
      "downloadLocation": "NONE",
      "licenseConcluded": "NOASSERTION",
      "licenseDeclared": "NOASSERTION",
      "copyrightText": "NOASSERTION",
      "comment": "This is a binary package built by vcpkg."
    }
  ],
  "files": [
    {
      "fileName": "./portfile.cmake",
      "SPDXID": "SPDXRef-file-0",
      "checksums": [
        {
          "algorithm": "SHA256",
          "checksumValue": "a2c877d9a28241ef661ecb93120c6f5bf9b57811a4d7e78d06afa8cc16e3648a"
        }
      ],
      "licenseConcluded": "NOASSERTION",
      "copyrightText": "NOASSERTION"
    },
    {
      "fileName": "./vcpkg.json",
      "SPDXID": "SPDXRef-file-1",
      "checksums": [
        {
          "algorithm": "SHA256",
          "checksumValue": "baae2bee17c85a5522b5d5161a039f672f6162cdcd8a1489c32e9d53a77c098c"
        }
      ],
      "licenseConcluded": "NOASSERTION",
      "copyrightText": "NOASSERTION"
    }
  ]
}
